timestamp,total_workers,active_workers,queue_size,requests_per_second,avg_response_time,environment
2026-02-14T17:05:37.385755,3,3,0,0,0,stage
2026-02-14T17:05:42.387507,3,3,0,0,0,stage
2026-02-14T17:05:47.388915,3,3,0,0,0,stage
2026-02-14T17:05:50.883026,3,3,0,0,0,stage
2026-02-14T17:05:52.391389,3,3,0,0,0,stage
2026-02-14T17:05:55.885055,3,3,0,0,0,stage
2026-02-14T17:05:57.392827,3,3,0,0,0,stage
2026-02-14T17:06:00.887441,3,3,0,0,0,stage
2026-02-14T17:06:02.396464,3,3,0,0,0,stage
2026-02-14T17:06:05.889427,3,3,0,0,0,stage
2026-02-14T17:06:07.400257,3,3,0,0,0,stage
2026-02-14T17:06:10.890876,3,3,0,0,0,stage
2026-02-14T17:06:12.402563,3,3,0,0,0,stage
2026-02-14T17:06:15.894483,3,3,0,0,0,stage
2026-02-14T17:06:17.405472,3,3,0,0,0,stage
2026-02-14T17:06:20.897399,3,3,0,0,0,stage
2026-02-14T17:06:22.408932,3,3,0,0,0,stage
2026-02-14T17:06:25.899255,3,3,0,0,0,stage
2026-02-14T17:06:27.411318,3,3,0,0,0,stage
2026-02-14T17:06:30.902650,3,3,0,0,0,stage
2026-02-14T17:06:32.414186,3,3,0,0,0,stage
2026-02-14T17:06:35.906140,3,3,0,0,0,stage
2026-02-14T17:06:37.417415,3,3,0,0,0,stage
2026-02-14T17:06:40.909055,3,3,0,0,0,stage
2026-02-14T17:06:42.419965,3,3,0,0,0,stage
2026-02-14T17:06:45.911466,3,3,0,0,0,stage
2026-02-14T17:06:47.422459,3,3,0,0,0,stage
2026-02-14T17:06:50.913828,3,3,0,0,0,stage
2026-02-14T17:06:52.425613,3,3,0,0,0,stage
2026-02-14T17:06:55.916818,3,3,0,0,0,stage
2026-02-14T17:06:57.428052,3,3,0,0,0,stage
2026-02-14T17:07:00.919381,3,3,0,0,0,stage
2026-02-14T17:07:02.430061,3,3,0,0,0,stage
2026-02-14T17:07:05.922873,3,3,0,0,0,stage
2026-02-14T17:07:07.431984,3,3,0,0,0,stage
2026-02-14T17:07:10.924652,3,3,0,0,0,stage
2026-02-14T17:07:12.434177,3,3,0,0,0,stage
2026-02-14T17:07:15.926574,3,3,0,0,0,stage
2026-02-14T17:07:17.436230,3,3,0,0,0,stage
2026-02-14T17:07:20.928677,3,3,0,0,0,stage
2026-02-14T17:07:22.439534,3,3,0,0,0,stage
2026-02-14T17:07:25.930754,3,3,0,0,0,stage
2026-02-14T17:07:27.442340,3,3,0,0,0,stage
2026-02-14T17:07:30.933387,3,3,0,0,0,stage
2026-02-14T17:07:32.445105,3,3,0,0,0,stage
2026-02-14T17:07:35.937023,3,3,0,0,0,stage
2026-02-14T17:07:37.449120,3,3,0,0,0,stage
2026-02-14T17:07:40.939309,3,3,0,0,0,stage
2026-02-14T17:07:42.451420,3,3,0,0,0,stage
2026-02-14T17:07:45.941805,3,3,0,0,0,stage
2026-02-14T17:07:47.454616,3,3,0,0,0,stage
2026-02-14T17:07:50.943675,3,3,0,0,0,stage
2026-02-14T17:07:52.457484,3,3,0,0,0,stage
2026-02-14T17:07:55.948843,3,3,0,0,0,stage
2026-02-14T17:07:57.459641,3,3,0,0,0,stage
2026-02-14T17:08:00.951228,3,3,0,0,0,stage
2026-02-14T17:08:02.466373,3,3,0,0,0,stage
2026-02-14T17:08:05.954110,3,3,0,0,0,stage
2026-02-14T17:08:07.478039,3,3,0,0,0,stage
2026-02-14T17:08:10.957160,3,3,0,0,0,stage
2026-02-14T17:08:12.481024,3,3,0,0,0,stage
2026-02-14T17:08:15.959231,3,3,0,0,0,stage
2026-02-14T17:08:17.484285,3,3,0,0,0,stage
2026-02-14T17:08:20.964110,3,3,0,0,0,stage
2026-02-14T17:08:22.487457,3,3,0,0,0,stage
2026-02-14T17:08:25.966052,3,3,0,0,0,stage
2026-02-14T17:08:27.489230,3,3,0,0,0,stage
2026-02-14T17:08:30.969795,3,3,0,0,0,stage
2026-02-14T17:08:32.492597,3,3,0,0,0,stage
2026-02-14T17:08:35.972335,3,3,0,0,0,stage
2026-02-14T17:08:37.494889,3,3,0,0,0,stage
2026-02-14T17:08:40.974781,3,3,0,0,0,stage
2026-02-14T17:08:42.498607,3,3,0,0,0,stage
2026-02-14T17:08:45.977936,3,3,0,0,0,stage
2026-02-14T17:08:47.505152,3,3,0,0,0,stage
2026-02-14T17:08:50.981266,3,3,0,0,0,stage
2026-02-14T17:08:52.507349,3,3,0,0,0,stage
2026-02-14T17:08:55.984623,3,3,0,0,0,stage
2026-02-14T17:08:57.510276,3,3,0,0,0,stage
2026-02-14T17:09:00.987740,3,3,0,0,0,stage
2026-02-14T17:09:02.512634,3,3,0,0,0,stage
2026-02-14T17:09:05.990300,3,3,0,0,0,stage
2026-02-14T17:09:07.514744,3,3,0,0,0,stage
2026-02-14T17:09:10.992912,3,3,0,0,0,stage
2026-02-14T17:09:12.516741,3,3,0,0,0,stage
2026-02-14T17:09:15.995398,3,3,0,0,0,stage
2026-02-14T17:09:17.520880,3,3,0,0,0,stage
2026-02-14T17:09:20.998013,3,3,0,0,0,stage
2026-02-14T17:09:22.523173,3,3,0,0,0,stage
2026-02-14T17:09:26.001214,3,3,0,0,0,stage
2026-02-14T17:09:27.525325,3,3,0,0,0,stage
2026-02-14T17:09:31.003780,3,3,0,0,0,stage
2026-02-14T17:09:32.527369,3,3,0,0,0,stage
2026-02-14T17:09:36.007156,3,3,0,0,0,stage
2026-02-14T17:09:37.529522,3,3,0,0,0,stage
2026-02-14T17:09:41.013123,3,3,0,0,0,stage
2026-02-14T17:09:42.531717,3,3,0,0,0,stage
2026-02-14T17:09:46.018342,3,3,0,0,0,stage
2026-02-14T17:09:47.533866,3,3,0,0,0,stage
2026-02-14T17:09:51.020363,3,3,0,0,0,stage
2026-02-14T17:09:52.535802,3,3,0,0,0,stage
2026-02-14T17:09:56.023442,3,3,0,0,0,stage
2026-02-14T17:09:57.537912,3,3,0,0,0,stage
2026-02-14T17:10:01.025618,3,3,0,0,0,stage
2026-02-14T17:10:02.539445,3,3,0,0,0,stage
2026-02-14T17:10:06.027951,3,3,0,0,0,stage
2026-02-14T17:10:07.541241,3,3,0,0,0,stage
2026-02-14T17:10:11.030014,3,3,0,0,0,stage
2026-02-14T17:10:12.543300,3,3,0,0,0,stage
2026-02-14T17:10:16.031989,3,3,0,0,0,stage
2026-02-14T17:10:17.545703,3,3,0,0,0,stage
2026-02-14T17:10:21.034169,3,3,0,0,0,stage
2026-02-14T17:10:22.548232,3,3,0,0,0,stage
2026-02-14T17:10:26.036628,3,3,0,0,0,stage
2026-02-14T17:10:27.549937,3,3,0,0,0,stage
2026-02-14T17:10:31.038399,3,3,0,0,0,stage
2026-02-14T17:10:32.552631,3,3,0,0,0,stage
2026-02-14T17:10:36.040565,3,3,0,0,0,stage
2026-02-14T17:10:37.555930,3,3,0,0,0,stage
2026-02-14T17:10:41.042242,3,3,0,0,0,stage
2026-02-14T17:10:42.559043,3,3,0,0,0,stage
2026-02-14T17:10:46.044388,3,3,0,0,0,stage
2026-02-14T17:10:47.560351,3,3,0,0,0,stage
2026-02-14T17:10:51.046438,3,3,0,0,0,stage
2026-02-14T17:10:52.562455,3,3,0,0,0,stage
2026-02-14T17:10:56.049433,3,3,0,0,0,stage
2026-02-14T17:10:57.564985,3,3,0,0,0,stage
2026-02-14T17:11:01.051715,3,3,0,0,0,stage
2026-02-14T17:11:02.567643,3,3,0,0,0,stage
2026-02-14T17:11:06.053554,3,3,0,0,0,stage
2026-02-14T17:11:07.571307,3,3,0,0,0,stage
2026-02-14T17:11:11.055838,3,3,0,0,0,stage
2026-02-14T17:11:12.573039,3,3,0,0,0,stage
2026-02-14T17:11:16.058158,3,3,0,0,0,stage
2026-02-14T17:11:17.576355,3,3,0,0,0,stage
2026-02-14T17:11:21.060384,3,3,0,0,0,stage
2026-02-14T17:11:22.578166,3,3,0,0,0,stage
2026-02-14T17:11:26.062268,3,3,0,0,0,stage
2026-02-14T17:11:27.579887,3,3,0,0,0,stage
2026-02-14T17:11:31.064696,3,3,0,0,0,stage
2026-02-14T17:11:32.582126,3,3,0,0,0,stage
2026-02-14T17:11:37.587295,3,3,0,0,0,stage
2026-02-14T17:11:42.589281,3,3,0,0,0,stage
2026-02-14T17:11:47.591943,3,3,0,0,0,stage
2026-02-14T17:11:51.121044,3,3,0,0,0,stage
2026-02-14T17:11:52.593602,3,3,0,0,0,stage
2026-02-14T17:11:56.123180,3,3,0,0,0,stage
2026-02-14T17:11:57.595907,3,3,0,0,0,stage
2026-02-14T17:12:01.125435,3,3,0,0,0,stage
2026-02-14T17:12:02.599514,3,3,0,0,0,stage
2026-02-14T17:12:06.127160,3,3,0,0,0,stage
2026-02-14T17:12:07.600975,3,3,0,0,0,stage
2026-02-14T17:12:11.129391,3,3,0,0,0,stage
2026-02-14T17:12:12.603025,3,3,0,0,0,stage
2026-02-14T17:12:16.131437,3,3,0,0,0,stage
2026-02-14T17:12:17.605094,3,3,0,0,0,stage
2026-02-14T17:12:21.133506,3,3,0,0,0,stage
2026-02-14T17:12:22.606574,3,3,0,0,0,stage
2026-02-14T17:12:26.136298,3,3,0,0,0,stage
2026-02-14T17:12:27.608290,3,3,0,0,0,stage
2026-02-14T17:12:31.139843,3,3,0,0,0,stage
2026-02-14T17:12:32.611181,3,3,0,0,0,stage
2026-02-14T17:12:36.142672,3,3,0,0,0,stage
2026-02-14T17:12:37.613037,3,3,0,0,0,stage
2026-02-14T17:12:41.145797,3,3,0,0,0,stage
2026-02-14T17:12:42.615690,3,3,0,0,0,stage
2026-02-14T17:12:46.148801,3,3,0,0,0,stage
2026-02-14T17:12:47.617547,3,3,0,0,0,stage
2026-02-14T17:12:51.151980,3,3,0,0,0,stage
2026-02-14T17:12:52.621060,3,3,0,0,0,stage
2026-02-14T17:12:56.154995,3,3,0,0,0,stage
2026-02-14T17:12:57.624289,3,3,0,0,0,stage
2026-02-14T17:13:01.157338,3,3,0,0,0,stage
2026-02-14T17:13:02.626536,3,3,0,0,0,stage
2026-02-14T17:13:06.159650,3,3,0,0,0,stage
2026-02-14T17:13:07.629039,3,3,0,0,0,stage
2026-02-14T17:13:11.161648,3,3,0,0,0,stage
2026-02-14T17:13:12.630966,3,3,0,0,0,stage
2026-02-14T17:13:16.163724,3,3,0,0,0,stage
2026-02-14T17:13:17.633047,3,3,0,0,0,stage
2026-02-14T17:13:21.165748,3,3,0,0,0,stage
2026-02-14T17:13:22.635395,3,3,0,0,0,stage
2026-02-14T17:13:26.168517,3,3,0,0,0,stage
2026-02-14T17:13:27.637509,3,3,0,0,0,stage
2026-02-14T17:13:31.170092,3,3,0,0,0,stage
2026-02-14T17:13:32.638917,3,3,0,0,0,stage
2026-02-14T17:13:36.171973,3,3,0,0,0,stage
2026-02-14T17:13:37.640819,3,3,0,0,0,stage
2026-02-14T17:13:41.174090,3,3,0,0,0,stage
2026-02-14T17:13:42.643711,3,3,0,0,0,stage
2026-02-14T17:13:46.176633,3,3,0,0,0,stage
2026-02-14T17:13:47.645424,3,3,0,0,0,stage
2026-02-14T17:13:51.179102,3,3,0,0,0,stage
2026-02-14T17:13:52.647397,3,3,0,0,0,stage
2026-02-14T17:13:56.181895,3,3,0,0,0,stage
2026-02-14T17:13:57.649771,3,3,0,0,0,stage
2026-02-14T17:14:01.183970,3,3,0,0,0,stage
2026-02-14T17:14:02.653136,3,3,0,0,0,stage
2026-02-14T17:14:06.185917,3,3,0,0,0,stage
2026-02-14T17:14:07.656131,3,3,0,0,0,stage
2026-02-14T17:14:11.187982,3,3,0,0,0,stage
2026-02-14T17:14:12.658267,3,3,0,0,0,stage
2026-02-14T17:14:16.189769,3,3,0,0,0,stage
2026-02-14T17:14:17.660265,3,3,0,0,0,stage
2026-02-14T17:14:21.192288,3,3,0,0,0,stage
2026-02-14T17:14:22.662310,3,3,0,0,0,stage
2026-02-14T17:14:26.194156,3,3,0,0,0,stage
2026-02-14T17:14:27.664395,3,3,0,0,0,stage
2026-02-14T17:14:31.196643,3,3,0,0,0,stage
2026-02-14T17:14:32.666203,3,3,0,0,0,stage
2026-02-14T17:14:36.199038,3,3,0,0,0,stage
2026-02-14T17:14:37.668100,3,3,0,0,0,stage
2026-02-14T17:14:41.201276,3,3,0,0,0,stage
2026-02-14T17:14:42.670632,3,3,0,0,0,stage
2026-02-14T17:14:46.203512,3,3,0,0,0,stage
2026-02-14T17:14:47.672691,3,3,0,0,0,stage
2026-02-14T17:14:51.205711,3,3,0,0,0,stage
2026-02-14T17:14:52.675838,3,3,0,0,0,stage
2026-02-14T17:14:56.207790,3,3,0,0,0,stage
2026-02-14T17:14:57.678455,3,3,0,0,0,stage
2026-02-14T17:15:01.210154,3,3,0,0,0,stage
2026-02-14T17:15:02.681184,3,3,0,0,0,stage
2026-02-14T17:15:06.213511,3,3,0,0,0,stage
2026-02-14T17:15:07.684520,3,3,0,0,0,stage
2026-02-14T17:15:11.217292,3,3,0,0,0,stage
2026-02-14T17:15:12.686672,3,3,0,0,0,stage
2026-02-14T17:15:16.228696,3,3,0,0,0,stage
2026-02-14T17:15:17.699337,3,3,0,0,0,stage
2026-02-14T17:15:21.230245,3,3,0,0,0,stage
2026-02-14T17:15:22.701669,3,3,0,0,0,stage
2026-02-14T17:15:26.231824,3,3,0,0,0,stage
2026-02-14T17:15:27.704191,3,3,0,0,0,stage
2026-02-14T17:15:31.234424,3,3,0,0,0,stage
2026-02-14T17:15:32.707215,3,3,0,0,0,stage
2026-02-14T17:15:36.235997,3,3,0,0,0,stage
2026-02-14T17:15:37.708991,3,3,0,0,0,stage
2026-02-14T17:15:41.237730,3,3,0,0,0,stage
2026-02-14T17:15:42.710297,3,3,0,0,0,stage
2026-02-14T17:15:46.240161,3,3,0,0,0,stage
2026-02-14T17:15:47.712094,3,3,0,0,0,stage
2026-02-14T17:15:52.713797,3,3,0,0,0,stage
2026-02-14T17:15:57.715712,3,3,0,0,0,stage
2026-02-14T17:16:02.718473,3,3,0,0,0,stage
2026-02-14T17:16:07.720280,3,3,0,0,0,stage
2026-02-14T17:16:12.721976,3,3,0,0,0,stage
2026-02-14T17:16:17.723257,3,3,0,0,0,stage
2026-02-14T17:16:22.725459,3,3,0,0,0,stage
2026-02-14T17:16:27.726658,3,3,0,0,0,stage
2026-02-14T17:16:32.728480,3,3,0,0,0,stage
2026-02-14T17:16:37.730286,3,3,0,0,0,stage
2026-02-14T17:16:42.732791,3,3,0,0,0,stage
2026-02-14T17:16:47.734590,3,3,0,0,0,stage
2026-02-14T17:16:52.735871,3,3,0,0,0,stage
2026-02-14T17:16:57.738263,3,3,0,0,0,stage
2026-02-14T17:17:02.740110,3,3,0,0,0,stage
2026-02-14T17:17:03.258517,3,3,0,0,0,stage
2026-02-14T17:17:07.743540,3,3,0,0,0,stage
2026-02-14T17:17:08.260476,3,3,0,0,0,stage
2026-02-14T17:17:12.746312,3,3,0,0,0,stage
2026-02-14T17:17:13.262716,3,3,0,0,0,stage
2026-02-14T17:17:17.748749,3,3,0,0,0,stage
2026-02-14T17:17:18.264159,3,3,0,0,0,stage
2026-02-14T17:17:22.751114,3,3,0,0,0,stage
2026-02-14T17:17:23.266487,3,3,0,0,0,stage
2026-02-14T17:17:27.753436,3,3,0,0,0,stage
2026-02-14T17:17:32.756032,3,3,0,0,0,stage
2026-02-14T17:17:37.758265,3,3,0,0,0,stage
2026-02-14T17:17:42.643670,3,3,0,0,0,stage
2026-02-14T17:17:42.760019,3,3,0,0,0,stage
2026-02-14T17:17:47.646024,3,3,0,0,0,stage
2026-02-14T17:17:47.762307,3,3,0,0,0,stage
2026-02-14T17:17:52.648224,3,3,0,0,0,stage
2026-02-14T17:17:52.764646,3,3,0,0,0,stage
2026-02-14T17:17:57.650853,3,3,0,0,0,stage
2026-02-14T17:17:57.766604,3,3,0,0,0,stage
2026-02-14T17:18:02.654212,3,3,0,0,0,stage
2026-02-14T17:18:02.769357,3,3,0,0,0,stage
2026-02-14T17:18:07.656280,3,3,0,0,0,stage
2026-02-14T17:18:07.771842,3,3,0,0,0,stage
2026-02-14T17:18:12.658257,3,3,0,0,0,stage
2026-02-14T17:18:12.774071,3,3,0,0,0,stage
2026-02-14T17:18:17.660701,3,3,0,0,0,stage
2026-02-14T17:18:17.775776,3,3,0,0,0,stage
2026-02-14T17:18:22.662548,3,3,0,0,0,stage
2026-02-14T17:18:22.777288,3,3,0,0,0,stage
2026-02-14T17:18:27.665578,3,3,0,0,0,stage
2026-02-14T17:18:27.779016,3,3,0,0,0,stage
2026-02-14T17:18:32.667510,3,3,0,0,0,stage
2026-02-14T17:18:32.780220,3,3,0,0,0,stage
2026-02-14T17:18:37.670649,3,3,0,0,0,stage
2026-02-14T17:18:37.782639,3,3,0,0,0,stage
2026-02-14T17:18:42.672503,3,3,0,0,0,stage
2026-02-14T17:18:42.784219,3,3,0,0,0,stage
2026-02-14T17:18:47.674526,3,3,0,0,0,stage
2026-02-14T17:18:47.786745,3,3,0,0,0,stage
2026-02-14T17:18:52.676600,3,3,0,0,0,stage
2026-02-14T17:18:52.787729,3,3,0,0,0,stage
2026-02-14T17:18:57.679242,3,3,0,0,0,stage
2026-02-14T17:18:57.789291,3,3,0,0,0,stage
2026-02-14T17:19:02.680972,3,3,0,0,0,stage
2026-02-14T17:19:02.791179,3,3,0,0,0,stage
2026-02-14T17:19:07.683021,3,3,0,0,0,stage
2026-02-14T17:19:07.792837,3,3,0,0,0,stage
2026-02-14T17:19:12.685567,3,3,0,0,0,stage
2026-02-14T17:19:12.794877,3,3,0,0,0,stage
2026-02-14T17:19:17.687093,3,3,0,0,0,stage
2026-02-14T17:19:17.796880,3,3,0,0,0,stage
2026-02-14T17:19:22.689636,3,3,0,0,0,stage
2026-02-14T17:19:22.798505,3,3,0,0,0,stage
2026-02-14T17:19:27.692364,3,3,0,0,0,stage
2026-02-14T17:19:27.799772,3,3,0,0,0,stage
2026-02-14T17:19:32.693924,3,3,0,0,0,stage
2026-02-14T17:19:32.801413,3,3,0,0,0,stage
2026-02-14T17:19:37.695775,3,3,0,0,0,stage
2026-02-14T17:19:37.803619,3,3,0,0,0,stage
2026-02-14T17:19:42.701914,3,3,0,0,0,stage
2026-02-14T17:19:42.804946,3,3,0,0,0,stage
2026-02-14T17:19:47.704592,3,3,0,0,0,stage
2026-02-14T17:19:47.806499,3,3,0,0,0,stage
2026-02-14T17:19:52.706363,3,3,0,0,0,stage
2026-02-14T17:19:52.808142,3,3,0,0,0,stage
2026-02-14T17:19:57.708431,3,3,0,0,0,stage
2026-02-14T17:19:57.809818,3,3,0,0,0,stage
2026-02-14T17:20:02.711008,3,3,0,0,0,stage
2026-02-14T17:20:02.811495,3,3,0,0,0,stage
2026-02-14T17:20:07.712653,3,3,0,0,0,stage
2026-02-14T17:20:07.813476,3,3,0,0,0,stage
2026-02-14T17:20:12.715086,3,3,0,0,0,stage
2026-02-14T17:20:12.815156,3,3,0,0,0,stage
2026-02-14T17:20:17.718107,3,3,0,0,0,stage
2026-02-14T17:20:17.816661,3,3,0,0,0,stage
2026-02-14T17:20:18.840742,3,3,0,0,0,stage
2026-02-14T17:20:22.720436,3,3,0,0,0,stage
2026-02-14T17:20:22.817850,3,3,0,0,0,stage
2026-02-14T17:20:23.843294,3,3,0,0,0,stage
2026-02-14T17:20:27.722530,3,3,0,0,0,stage
2026-02-14T17:20:27.819608,3,3,0,0,0,stage
2026-02-14T17:20:28.845943,3,3,0,0,0,stage
2026-02-14T17:20:31.849601,3,3,0,0,0,stage
2026-02-14T17:20:32.724537,3,3,0,0,0,stage
2026-02-14T17:20:32.822132,3,3,0,0,0,stage
2026-02-14T17:20:33.847720,3,3,0,0,0,stage
2026-02-14T17:20:36.852066,3,3,0,0,0,stage
2026-02-14T17:20:37.727153,3,3,0,0,0,stage
2026-02-14T17:20:37.825477,3,3,0,0,0,stage
2026-02-14T17:20:38.851229,3,3,0,0,0,stage
2026-02-14T17:20:41.857518,3,3,0,0,0,stage
2026-02-14T17:20:42.730311,3,3,0,0,0,stage
2026-02-14T17:20:42.827604,3,3,0,0,0,stage
2026-02-14T17:20:43.854019,3,3,0,0,0,stage
2026-02-14T17:20:46.860450,3,3,0,0,0,stage
2026-02-14T17:20:47.732533,3,3,0,0,0,stage
2026-02-14T17:20:47.830049,3,3,0,0,0,stage
2026-02-14T17:20:48.856492,3,3,0,0,0,stage
2026-02-14T17:20:51.862965,3,3,0,0,0,stage
2026-02-14T17:20:52.734589,3,3,0,0,0,stage
2026-02-14T17:20:52.831897,3,3,0,0,0,stage
2026-02-14T17:20:53.858153,3,3,0,0,0,stage
2026-02-14T17:20:56.865732,3,3,0,0,0,stage
2026-02-14T17:20:57.737200,3,3,0,0,0,stage
2026-02-14T17:20:57.834246,3,3,0,0,0,stage
2026-02-14T17:20:58.860202,3,3,0,0,0,stage
2026-02-14T17:21:01.867845,3,3,0,0,0,stage
2026-02-14T17:21:02.739845,3,3,0,0,0,stage
2026-02-14T17:21:02.837156,3,3,0,0,0,stage
2026-02-14T17:21:03.862350,3,3,0,0,0,stage
2026-02-14T17:21:06.871578,3,3,0,0,0,stage
2026-02-14T17:21:07.743005,3,3,0,0,0,stage
2026-02-14T17:21:07.838890,3,3,0,0,0,stage
2026-02-14T17:21:08.865425,3,3,0,0,0,stage
2026-02-14T17:21:11.875234,3,3,0,0,0,stage
2026-02-14T17:21:12.745507,3,3,0,0,0,stage
2026-02-14T17:21:12.842063,3,3,0,0,0,stage
2026-02-14T17:21:13.867463,3,3,0,0,0,stage
2026-02-14T17:21:16.878202,3,3,0,0,0,stage
2026-02-14T17:21:17.747618,3,3,0,0,0,stage
2026-02-14T17:21:17.843778,3,3,0,0,0,stage
2026-02-14T17:21:18.870395,3,3,0,0,0,stage
2026-02-14T17:21:21.880099,3,3,0,0,0,stage
2026-02-14T17:21:22.750154,3,3,0,0,0,stage
2026-02-14T17:21:22.845198,3,3,0,0,0,stage
2026-02-14T17:21:23.873137,3,3,0,0,0,stage
2026-02-14T17:21:26.882218,3,3,0,0,0,stage
2026-02-14T17:21:27.752049,3,3,0,0,0,stage
2026-02-14T17:21:27.847491,3,3,0,0,0,stage
2026-02-14T17:21:28.875385,3,3,0,0,0,stage
2026-02-14T17:21:31.884153,3,3,0,0,0,stage
2026-02-14T17:21:32.753974,3,3,0,0,0,stage
2026-02-14T17:21:32.849296,3,3,0,0,0,stage
2026-02-14T17:21:33.877866,3,3,0,0,0,stage
2026-02-14T17:21:36.886313,3,3,0,0,0,stage
2026-02-14T17:21:37.756153,3,3,0,0,0,stage
2026-02-14T17:21:37.851262,3,3,0,0,0,stage
2026-02-14T17:21:38.880107,3,3,0,0,0,stage
2026-02-14T17:21:41.888721,3,3,0,0,0,stage
2026-02-14T17:21:42.758252,3,3,0,0,0,stage
2026-02-14T17:21:42.854693,3,3,0,0,0,stage
2026-02-14T17:21:43.881785,3,3,0,0,0,stage
2026-02-14T17:21:46.890529,3,3,0,0,0,stage
2026-02-14T17:21:47.760317,3,3,0,0,0,stage
2026-02-14T17:21:47.856056,3,3,0,0,0,stage
2026-02-14T17:21:48.883359,3,3,0,0,0,stage
2026-02-14T17:21:51.892528,3,3,0,0,0,stage
2026-02-14T17:21:52.762719,3,3,0,0,0,stage
2026-02-14T17:21:52.857615,3,3,0,0,0,stage
2026-02-14T17:21:53.885732,3,3,0,0,0,stage
2026-02-14T17:21:56.894732,3,3,0,0,0,stage
2026-02-14T17:21:57.764841,3,3,0,0,0,stage
2026-02-14T17:21:57.859629,3,3,0,0,0,stage
2026-02-14T17:21:58.888036,3,3,0,0,0,stage
2026-02-14T17:22:01.896229,3,3,0,0,0,stage
2026-02-14T17:22:02.766916,3,3,0,0,0,stage
2026-02-14T17:22:02.861110,3,3,0,0,0,stage
2026-02-14T17:22:03.890214,3,3,0,0,0,stage
2026-02-14T17:22:06.899095,3,3,0,0,0,stage
2026-02-14T17:22:07.768677,3,3,0,0,0,stage
2026-02-14T17:22:07.862967,3,3,0,0,0,stage
2026-02-14T17:22:08.893367,3,3,0,0,0,stage
2026-02-14T17:22:11.903042,3,3,0,0,0,stage
2026-02-14T17:22:12.770593,3,3,0,0,0,stage
2026-02-14T17:22:12.864995,3,3,0,0,0,stage
2026-02-14T17:22:13.896470,3,3,0,0,0,stage
2026-02-14T17:22:16.906327,3,3,0,0,0,stage
2026-02-14T17:22:17.773127,3,3,0,0,0,stage
2026-02-14T17:22:17.866669,3,3,0,0,0,stage
2026-02-14T17:22:18.898547,3,3,0,0,0,stage
2026-02-14T17:22:21.908528,3,3,0,0,0,stage
2026-02-14T17:22:22.774727,3,3,0,0,0,stage
2026-02-14T17:22:22.868051,3,3,0,0,0,stage
2026-02-14T17:22:23.900447,3,3,0,0,0,stage
2026-02-14T17:22:26.911514,3,3,0,0,0,stage
2026-02-14T17:22:27.777114,3,3,0,0,0,stage
2026-02-14T17:22:27.870343,3,3,0,0,0,stage
2026-02-14T17:22:28.902421,3,3,0,0,0,stage
2026-02-14T17:22:31.914162,3,3,0,0,0,stage
2026-02-14T17:22:32.779931,3,3,0,0,0,stage
2026-02-14T17:22:32.872675,3,3,0,0,0,stage
2026-02-14T17:22:33.904591,3,3,0,0,0,stage
2026-02-14T17:22:36.916563,3,3,0,0,0,stage
2026-02-14T17:22:37.782590,3,3,0,0,0,stage
2026-02-14T17:22:37.875266,3,3,0,0,0,stage
2026-02-14T17:22:38.907748,3,3,0,0,0,stage
2026-02-14T17:22:41.919505,3,3,0,0,0,stage
2026-02-14T17:22:42.784612,3,3,0,0,0,stage
2026-02-14T17:22:42.876921,3,3,0,0,0,stage
2026-02-14T17:22:43.909363,3,3,0,0,0,stage
2026-02-14T17:22:46.921895,3,3,0,0,0,stage
2026-02-14T17:22:47.786522,3,3,0,0,0,stage
2026-02-14T17:22:47.879167,3,3,0,0,0,stage
2026-02-14T17:22:48.911572,3,3,0,0,0,stage
2026-02-14T17:22:51.923819,3,3,0,0,0,stage
2026-02-14T17:22:52.788921,3,3,0,0,0,stage
2026-02-14T17:22:52.881880,3,3,0,0,0,stage
2026-02-14T17:22:53.918853,3,3,0,0,0,stage
2026-02-14T17:22:56.926303,3,3,0,0,0,stage
2026-02-14T17:22:57.791554,3,3,0,0,0,stage
2026-02-14T17:22:57.883767,3,3,0,0,0,stage
2026-02-14T17:22:58.920997,3,3,0,0,0,stage
2026-02-14T17:23:01.928782,3,3,0,0,0,stage
2026-02-14T17:23:02.793827,3,3,0,0,0,stage
2026-02-14T17:23:02.885725,3,3,0,0,0,stage
2026-02-14T17:23:03.923382,3,3,0,0,0,stage
2026-02-14T17:23:06.931036,3,3,0,0,0,stage
2026-02-14T17:23:07.796375,3,3,0,0,0,stage
2026-02-14T17:23:07.887821,3,3,0,0,0,stage
2026-02-14T17:23:08.925482,3,3,0,0,0,stage
2026-02-14T17:23:11.933703,3,3,0,0,0,stage
2026-02-14T17:23:12.798585,3,3,0,0,0,stage
2026-02-14T17:23:12.889907,3,3,0,0,0,stage
2026-02-14T17:23:13.927954,3,3,0,0,0,stage
2026-02-14T17:23:16.936492,3,3,0,0,0,stage
2026-02-14T17:23:17.800927,3,3,0,0,0,stage
2026-02-14T17:23:17.892089,3,3,0,0,0,stage
2026-02-14T17:23:18.929573,3,3,0,0,0,stage
2026-02-14T17:23:21.938433,3,3,0,0,0,stage
2026-02-14T17:23:22.803126,3,3,0,0,0,stage
2026-02-14T17:23:22.894031,3,3,0,0,0,stage
2026-02-14T17:23:23.931385,3,3,0,0,0,stage
2026-02-14T17:23:26.940579,3,3,0,0,0,stage
2026-02-14T17:23:27.805338,3,3,0,0,0,stage
2026-02-14T17:23:27.895832,3,3,0,0,0,stage
2026-02-14T17:23:28.933437,3,3,0,0,0,stage
2026-02-14T17:23:31.942734,3,3,0,0,0,stage
2026-02-14T17:23:32.808809,3,3,0,0,0,stage
2026-02-14T17:23:32.898227,3,3,0,0,0,stage
2026-02-14T17:23:33.937128,3,3,0,0,0,stage
2026-02-14T17:23:36.945044,3,3,0,0,0,stage
2026-02-14T17:23:37.811180,3,3,0,0,0,stage
2026-02-14T17:23:37.900947,3,3,0,0,0,stage
2026-02-14T17:23:38.939074,3,3,0,0,0,stage
2026-02-14T17:23:41.947327,3,3,0,0,0,stage
2026-02-14T17:23:42.813982,3,3,0,0,0,stage
2026-02-14T17:23:42.903922,3,3,0,0,0,stage
2026-02-14T17:23:43.941134,3,3,0,0,0,stage
2026-02-14T17:23:46.950640,3,3,0,0,0,stage
2026-02-14T17:23:47.816979,3,3,0,0,0,stage
2026-02-14T17:23:47.905556,3,3,0,0,0,stage
2026-02-14T17:23:48.944490,3,3,0,0,0,stage
2026-02-14T17:23:51.953600,3,3,0,0,0,stage
2026-02-14T17:23:52.819839,3,3,0,0,0,stage
2026-02-14T17:23:52.908051,3,3,0,0,0,stage
2026-02-14T17:23:53.947494,3,3,0,0,0,stage
2026-02-14T17:23:56.955526,3,3,0,0,0,stage
2026-02-14T17:23:57.821983,3,3,0,0,0,stage
2026-02-14T17:23:57.909924,3,3,0,0,0,stage
2026-02-14T17:23:58.950058,3,3,0,0,0,stage
2026-02-14T17:24:01.957902,3,3,0,0,0,stage
2026-02-14T17:24:02.824774,3,3,0,0,0,stage
2026-02-14T17:24:02.911606,3,3,0,0,0,stage
2026-02-14T17:24:03.952265,3,3,0,0,0,stage
2026-02-14T17:24:06.962162,3,3,0,0,0,stage
2026-02-14T17:24:07.827238,3,3,0,0,0,stage
2026-02-14T17:24:07.915110,3,3,0,0,0,stage
2026-02-14T17:24:08.953782,3,3,0,0,0,stage
2026-02-14T17:24:11.964270,3,3,0,0,0,stage
2026-02-14T17:24:12.829569,3,3,0,0,0,stage
2026-02-14T17:24:12.916732,3,3,0,0,0,stage
2026-02-14T17:24:13.956075,3,3,0,0,0,stage
2026-02-14T17:24:16.968523,3,3,0,0,0,stage
2026-02-14T17:24:17.832079,3,3,0,0,0,stage
2026-02-14T17:24:17.918444,3,3,0,0,0,stage
2026-02-14T17:24:18.958888,3,3,0,0,0,stage
2026-02-14T17:24:21.970438,3,3,0,0,0,stage
2026-02-14T17:24:22.833593,3,3,0,0,0,stage
2026-02-14T17:24:22.920854,3,3,0,0,0,stage
2026-02-14T17:24:23.961126,3,3,0,0,0,stage
2026-02-14T17:24:26.973232,3,3,0,0,0,stage
2026-02-14T17:24:27.835962,3,3,0,0,0,stage
2026-02-14T17:24:27.922592,3,3,0,0,0,stage
2026-02-14T17:24:28.963312,3,3,0,0,0,stage
2026-02-14T17:24:31.976364,3,3,0,0,0,stage
2026-02-14T17:24:32.837634,3,3,0,0,0,stage
2026-02-14T17:24:32.924089,3,3,0,0,0,stage
2026-02-14T17:24:33.965385,3,3,0,0,0,stage
2026-02-14T17:24:36.979161,3,3,0,0,0,stage
2026-02-14T17:24:37.839015,3,3,0,0,0,stage
2026-02-14T17:24:37.926197,3,3,0,0,0,stage
2026-02-14T17:24:38.967373,3,3,0,0,0,stage
2026-02-14T17:24:41.981869,3,3,0,0,0,stage
2026-02-14T17:24:42.841514,3,3,0,0,0,stage
2026-02-14T17:24:42.927695,3,3,0,0,0,stage
2026-02-14T17:24:43.970200,3,3,0,0,0,stage
2026-02-14T17:24:46.984729,3,3,0,0,0,stage
2026-02-14T17:24:47.843285,3,3,0,0,0,stage
2026-02-14T17:24:47.929406,3,3,0,0,0,stage
2026-02-14T17:24:48.972166,3,3,0,0,0,stage
2026-02-14T17:24:51.988080,3,3,0,0,0,stage
2026-02-14T17:24:52.844585,3,3,0,0,0,stage
2026-02-14T17:24:52.931553,3,3,0,0,0,stage
2026-02-14T17:24:53.974753,3,3,0,0,0,stage
2026-02-14T17:24:56.990082,3,3,0,0,0,stage
2026-02-14T17:24:57.846689,3,3,0,0,0,stage
2026-02-14T17:24:57.934134,3,3,0,0,0,stage
2026-02-14T17:24:58.977198,3,3,0,0,0,stage
2026-02-14T17:25:01.993190,3,3,0,0,0,stage
2026-02-14T17:25:02.848190,3,3,0,0,0,stage
2026-02-14T17:25:02.935795,3,3,0,0,0,stage
2026-02-14T17:25:03.979808,3,3,0,0,0,stage
2026-02-14T17:25:06.994759,3,3,0,0,0,stage
2026-02-14T17:25:07.850527,3,3,0,0,0,stage
2026-02-14T17:25:07.939033,3,3,0,0,0,stage
2026-02-14T17:25:08.981186,3,3,0,0,0,stage
2026-02-14T17:25:11.996488,3,3,0,0,0,stage
2026-02-14T17:25:12.853065,3,3,0,0,0,stage
2026-02-14T17:25:12.940930,3,3,0,0,0,stage
2026-02-14T17:25:13.982902,3,3,0,0,0,stage
2026-02-14T17:25:16.998952,3,3,0,0,0,stage
2026-02-14T17:25:17.854706,3,3,0,0,0,stage
2026-02-14T17:25:17.942442,3,3,0,0,0,stage
2026-02-14T17:25:18.984796,3,3,0,0,0,stage
2026-02-14T17:25:22.000325,3,3,0,0,0,stage
2026-02-14T17:25:22.856503,3,3,0,0,0,stage
2026-02-14T17:25:22.945100,3,3,0,0,0,stage
2026-02-14T17:25:23.986951,3,3,0,0,0,stage
2026-02-14T17:25:27.001923,3,3,0,0,0,stage
2026-02-14T17:25:27.859376,3,3,0,0,0,stage
2026-02-14T17:25:27.947019,3,3,0,0,0,stage
2026-02-14T17:25:28.988658,3,3,0,0,0,stage
2026-02-14T17:25:32.003919,3,3,0,0,0,stage
2026-02-14T17:25:32.861523,3,3,0,0,0,stage
2026-02-14T17:25:32.949080,3,3,0,0,0,stage
2026-02-14T17:25:33.990281,3,3,0,0,0,stage
2026-02-14T17:25:37.005822,3,3,0,0,0,stage
2026-02-14T17:25:37.863891,3,3,0,0,0,stage
2026-02-14T17:25:37.950774,3,3,0,0,0,stage
2026-02-14T17:25:38.992109,3,3,0,0,0,stage
2026-02-14T17:25:42.008957,3,3,0,0,0,stage
2026-02-14T17:25:42.865986,3,3,0,0,0,stage
2026-02-14T17:25:42.952400,3,3,0,0,0,stage
2026-02-14T17:25:43.995114,3,3,0,0,0,stage
2026-02-14T17:25:47.010739,3,3,0,0,0,stage
2026-02-14T17:25:47.868728,3,3,0,0,0,stage
2026-02-14T17:25:47.954510,3,3,0,0,0,stage
2026-02-14T17:25:48.997760,3,3,0,0,0,stage
2026-02-14T17:25:52.013688,3,3,0,0,0,stage
2026-02-14T17:25:52.871234,3,3,0,0,0,stage
2026-02-14T17:25:52.956651,3,3,0,0,0,stage
2026-02-14T17:25:54.000906,3,3,0,0,0,stage
2026-02-14T17:25:57.015938,3,3,0,0,0,stage
2026-02-14T17:25:57.873571,3,3,0,0,0,stage
2026-02-14T17:25:57.959011,3,3,0,0,0,stage
2026-02-14T17:25:59.004291,3,3,0,0,0,stage
2026-02-14T17:26:02.018406,3,3,0,0,0,stage
2026-02-14T17:26:02.876455,3,3,0,0,0,stage
2026-02-14T17:26:02.961409,3,3,0,0,0,stage
2026-02-14T17:26:04.006514,3,3,0,0,0,stage
2026-02-14T17:26:07.020319,3,3,0,0,0,stage
2026-02-14T17:26:07.879300,3,3,0,0,0,stage
2026-02-14T17:26:07.963370,3,3,0,0,0,stage
2026-02-14T17:26:09.008571,3,3,0,0,0,stage
2026-02-14T17:26:12.022486,3,3,0,0,0,stage
2026-02-14T17:26:12.881938,3,3,0,0,0,stage
2026-02-14T17:26:12.966217,3,3,0,0,0,stage
2026-02-14T17:26:14.011679,3,3,0,0,0,stage
2026-02-14T17:26:17.026106,3,3,0,0,0,stage
2026-02-14T17:26:17.884428,3,3,0,0,0,stage
2026-02-14T17:26:17.970476,3,3,0,0,0,stage
2026-02-14T17:26:19.014963,3,3,0,0,0,stage
2026-02-14T17:26:22.028056,3,3,0,0,0,stage
2026-02-14T17:26:22.886961,3,3,0,0,0,stage
2026-02-14T17:26:22.973531,3,3,0,0,0,stage
2026-02-14T17:26:24.017760,3,3,0,0,0,stage
2026-02-14T17:26:27.030231,3,3,0,0,0,stage
2026-02-14T17:26:27.889404,3,3,0,0,0,stage
2026-02-14T17:26:27.975900,3,3,0,0,0,stage
2026-02-14T17:26:29.019923,3,3,0,0,0,stage
2026-02-14T17:26:32.032612,3,3,0,0,0,stage
2026-02-14T17:26:32.892346,3,3,0,0,0,stage
2026-02-14T17:26:32.978477,3,3,0,0,0,stage
2026-02-14T17:26:34.022506,3,3,0,0,0,stage
2026-02-14T17:26:37.034557,3,3,0,0,0,stage
2026-02-14T17:26:37.895085,3,3,0,0,0,stage
2026-02-14T17:26:37.980958,3,3,0,0,0,stage
2026-02-14T17:26:39.024607,3,3,0,0,0,stage
2026-02-14T17:26:42.036590,3,3,0,0,0,stage
2026-02-14T17:26:42.896942,3,3,0,0,0,stage
2026-02-14T17:26:42.983853,3,3,0,0,0,stage
2026-02-14T17:26:44.027955,3,3,0,0,0,stage
2026-02-14T17:26:47.039305,3,3,0,0,0,stage
2026-02-14T17:26:47.898740,3,3,0,0,0,stage
2026-02-14T17:26:47.985971,3,3,0,0,0,stage
2026-02-14T17:26:49.030201,3,3,0,0,0,stage
2026-02-14T17:26:52.041849,3,3,0,0,0,stage
2026-02-14T17:26:52.900514,3,3,0,0,0,stage
2026-02-14T17:26:52.988034,3,3,0,0,0,stage
2026-02-14T17:26:54.032739,3,3,0,0,0,stage
2026-02-14T17:26:57.044009,3,3,0,0,0,stage
2026-02-14T17:26:57.902954,3,3,0,0,0,stage
2026-02-14T17:26:57.989757,3,3,0,0,0,stage
2026-02-14T17:26:59.034802,3,3,0,0,0,stage
2026-02-14T17:27:02.045698,3,3,0,0,0,stage
2026-02-14T17:27:02.905014,3,3,0,0,0,stage
2026-02-14T17:27:02.991124,3,3,0,0,0,stage
2026-02-14T17:27:04.036981,3,3,0,0,0,stage
2026-02-14T17:27:07.048171,3,3,0,0,0,stage
2026-02-14T17:27:07.906853,3,3,0,0,0,stage
2026-02-14T17:27:07.994055,3,3,0,0,0,stage
2026-02-14T17:27:09.040163,3,3,0,0,0,stage
2026-02-14T17:27:12.051046,3,3,0,0,0,stage
2026-02-14T17:27:12.909104,3,3,0,0,0,stage
2026-02-14T17:27:12.995845,3,3,0,0,0,stage
2026-02-14T17:27:14.042927,3,3,0,0,0,stage
2026-02-14T17:27:17.053412,3,3,0,0,0,stage
2026-02-14T17:27:17.910854,3,3,0,0,0,stage
2026-02-14T17:27:17.997729,3,3,0,0,0,stage
2026-02-14T17:27:19.045708,3,3,0,0,0,stage
2026-02-14T17:27:22.055811,3,3,0,0,0,stage
2026-02-14T17:27:22.914501,3,3,0,0,0,stage
2026-02-14T17:27:23.000800,3,3,0,0,0,stage
2026-02-14T17:27:24.048622,3,3,0,0,0,stage
2026-02-14T17:27:27.058565,3,3,0,0,0,stage
2026-02-14T17:27:27.917106,3,3,0,0,0,stage
2026-02-14T17:27:28.003542,3,3,0,0,0,stage
2026-02-14T17:27:29.051376,3,3,0,0,0,stage
2026-02-14T17:27:32.062624,3,3,0,0,0,stage
2026-02-14T17:27:32.919526,3,3,0,0,0,stage
2026-02-14T17:27:33.006624,3,3,0,0,0,stage
2026-02-14T17:27:34.053978,3,3,0,0,0,stage
2026-02-14T17:27:37.065121,3,3,0,0,0,stage
2026-02-14T17:27:37.922199,3,3,0,0,0,stage
2026-02-14T17:27:38.009931,3,3,0,0,0,stage
2026-02-14T17:27:39.058386,3,3,0,0,0,stage
2026-02-14T17:27:42.068039,3,3,0,0,0,stage
2026-02-14T17:27:42.924224,3,3,0,0,0,stage
2026-02-14T17:27:43.012482,3,3,0,0,0,stage
2026-02-14T17:27:44.060421,3,3,0,0,0,stage
2026-02-14T17:27:47.070285,3,3,0,0,0,stage
2026-02-14T17:27:47.928195,3,3,0,0,0,stage
2026-02-14T17:27:48.014301,3,3,0,0,0,stage
2026-02-14T17:27:49.062903,3,3,0,0,0,stage
2026-02-14T17:27:52.073095,3,3,0,0,0,stage
2026-02-14T17:27:52.930319,3,3,0,0,0,stage
2026-02-14T17:27:53.015981,3,3,0,0,0,stage
2026-02-14T17:27:54.065458,3,3,0,0,0,stage
2026-02-14T17:27:57.076406,3,3,0,0,0,stage
2026-02-14T17:27:57.933070,3,3,0,0,0,stage
2026-02-14T17:27:58.018255,3,3,0,0,0,stage
2026-02-14T17:27:59.067596,3,3,0,0,0,stage
2026-02-14T17:28:02.078916,3,3,0,0,0,stage
2026-02-14T17:28:02.935571,3,3,0,0,0,stage
2026-02-14T17:28:03.020451,3,3,0,0,0,stage
2026-02-14T17:28:04.070084,3,3,0,0,0,stage
2026-02-14T17:28:07.082434,3,3,0,0,0,stage
2026-02-14T17:28:07.938861,3,3,0,0,0,stage
2026-02-14T17:28:08.023136,3,3,0,0,0,stage
2026-02-14T17:28:09.073606,3,3,0,0,0,stage
2026-02-14T17:28:12.084479,3,3,0,0,0,stage
2026-02-14T17:28:12.940818,3,3,0,0,0,stage
2026-02-14T17:28:13.024804,3,3,0,0,0,stage
2026-02-14T17:28:14.075570,3,3,0,0,0,stage
2026-02-14T17:28:17.086390,3,3,0,0,0,stage
2026-02-14T17:28:17.942799,3,3,0,0,0,stage
2026-02-14T17:28:18.026777,3,3,0,0,0,stage
2026-02-14T17:28:19.079370,3,3,0,0,0,stage
2026-02-14T17:28:22.089606,3,3,0,0,0,stage
2026-02-14T17:28:22.944941,3,3,0,0,0,stage
2026-02-14T17:28:23.028745,3,3,0,0,0,stage
2026-02-14T17:28:24.081096,3,3,0,0,0,stage
2026-02-14T17:28:27.092425,3,3,0,0,0,stage
2026-02-14T17:28:27.946760,3,3,0,0,0,stage
2026-02-14T17:28:28.031140,3,3,0,0,0,stage
2026-02-14T17:28:29.083834,3,3,0,0,0,stage
2026-02-14T17:28:32.094291,3,3,0,0,0,stage
2026-02-14T17:28:32.948535,3,3,0,0,0,stage
2026-02-14T17:28:33.032945,3,3,0,0,0,stage
2026-02-14T17:28:34.086890,3,3,0,0,0,stage
2026-02-14T17:28:37.096879,3,3,0,0,0,stage
2026-02-14T17:28:37.951046,3,3,0,0,0,stage
2026-02-14T17:28:38.035286,3,3,0,0,0,stage
2026-02-14T17:28:39.088589,3,3,0,0,0,stage
2026-02-14T17:28:42.099020,3,3,0,0,0,stage
2026-02-14T17:28:42.953954,3,3,0,0,0,stage
2026-02-14T17:28:43.037517,3,3,0,0,0,stage
2026-02-14T17:28:44.091685,3,3,0,0,0,stage
2026-02-14T17:28:47.101358,3,3,0,0,0,stage
2026-02-14T17:28:47.955633,3,3,0,0,0,stage
2026-02-14T17:28:48.039336,3,3,0,0,0,stage
2026-02-14T17:28:49.093717,3,3,0,0,0,stage
2026-02-14T17:28:52.103570,3,3,0,0,0,stage
2026-02-14T17:28:52.957146,3,3,0,0,0,stage
2026-02-14T17:28:53.040739,3,3,0,0,0,stage
2026-02-14T17:28:54.095677,3,3,0,0,0,stage
2026-02-14T17:28:57.106893,3,3,0,0,0,stage
2026-02-14T17:28:57.959815,3,3,0,0,0,stage
2026-02-14T17:28:58.043297,3,3,0,0,0,stage
2026-02-14T17:28:59.097921,3,3,0,0,0,stage
2026-02-14T17:29:02.109664,3,3,0,0,0,stage
2026-02-14T17:29:02.962224,3,3,0,0,0,stage
2026-02-14T17:29:03.045357,3,3,0,0,0,stage
2026-02-14T17:29:04.101133,3,3,0,0,0,stage
2026-02-14T17:29:07.111924,3,3,0,0,0,stage
2026-02-14T17:29:07.964773,3,3,0,0,0,stage
2026-02-14T17:29:08.048419,3,3,0,0,0,stage
2026-02-14T17:29:09.103552,3,3,0,0,0,stage
2026-02-14T17:29:12.113615,3,3,0,0,0,stage
2026-02-14T17:29:12.966929,3,3,0,0,0,stage
2026-02-14T17:29:13.051129,3,3,0,0,0,stage
2026-02-14T17:29:14.105596,3,3,0,0,0,stage
2026-02-14T17:29:17.115910,3,3,0,0,0,stage
2026-02-14T17:29:17.968468,3,3,0,0,0,stage
2026-02-14T17:29:18.053773,3,3,0,0,0,stage
2026-02-14T17:29:19.107829,3,3,0,0,0,stage
2026-02-14T17:29:22.118572,3,3,0,0,0,stage
2026-02-14T17:29:22.971702,3,3,0,0,0,stage
2026-02-14T17:29:23.057482,3,3,0,0,0,stage
2026-02-14T17:29:24.110230,3,3,0,0,0,stage
2026-02-14T17:29:27.120653,3,3,0,0,0,stage
2026-02-14T17:29:27.973889,3,3,0,0,0,stage
2026-02-14T17:29:28.061614,3,3,0,0,0,stage
2026-02-14T17:29:29.112718,3,3,0,0,0,stage
2026-02-14T17:29:32.122357,3,3,0,0,0,stage
2026-02-14T17:29:32.976684,3,3,0,0,0,stage
2026-02-14T17:29:33.063378,3,3,0,0,0,stage
2026-02-14T17:29:34.114568,3,3,0,0,0,stage
2026-02-14T17:29:37.126443,3,3,0,0,0,stage
2026-02-14T17:29:37.978910,3,3,0,0,0,stage
2026-02-14T17:29:38.066157,3,3,0,0,0,stage
2026-02-14T17:29:39.116823,3,3,0,0,0,stage
2026-02-14T17:29:42.129190,3,3,0,0,0,stage
2026-02-14T17:29:42.982591,3,3,0,0,0,stage
2026-02-14T17:29:43.069552,3,3,0,0,0,stage
2026-02-14T17:29:44.119909,3,3,0,0,0,stage
2026-02-14T17:29:47.131837,3,3,0,0,0,stage
2026-02-14T17:29:47.985221,3,3,0,0,0,stage
2026-02-14T17:29:48.072260,3,3,0,0,0,stage
2026-02-14T17:29:49.122516,3,3,0,0,0,stage
2026-02-14T17:29:52.134853,3,3,0,0,0,stage
2026-02-14T17:29:52.987288,3,3,0,0,0,stage
2026-02-14T17:29:53.074805,3,3,0,0,0,stage
2026-02-14T17:29:54.124543,3,3,0,0,0,stage
2026-02-14T17:29:57.137405,3,3,0,0,0,stage
2026-02-14T17:29:57.989748,3,3,0,0,0,stage
2026-02-14T17:29:58.076615,3,3,0,0,0,stage
2026-02-14T17:29:59.127606,3,3,0,0,0,stage
2026-02-14T17:30:02.140617,3,3,0,0,0,stage
2026-02-14T17:30:02.992029,3,3,0,0,0,stage
2026-02-14T17:30:03.079497,3,3,0,0,0,stage
2026-02-14T17:30:04.130300,3,3,0,0,0,stage
2026-02-14T17:30:07.142420,3,3,0,0,0,stage
2026-02-14T17:30:07.994426,3,3,0,0,0,stage
2026-02-14T17:30:08.082937,3,3,0,0,0,stage
2026-02-14T17:30:09.132542,3,3,0,0,0,stage
2026-02-14T17:30:12.145041,3,3,0,0,0,stage
2026-02-14T17:30:12.997145,3,3,0,0,0,stage
2026-02-14T17:30:13.085151,3,3,0,0,0,stage
2026-02-14T17:30:14.134474,3,3,0,0,0,stage
2026-02-14T17:30:17.148080,3,3,0,0,0,stage
2026-02-14T17:30:17.999623,3,3,0,0,0,stage
2026-02-14T17:30:18.088154,3,3,0,0,0,stage
2026-02-14T17:30:19.135903,3,3,0,0,0,stage
2026-02-14T17:30:22.150762,3,3,0,0,0,stage
2026-02-14T17:30:23.002274,3,3,0,0,0,stage
2026-02-14T17:30:23.089957,3,3,0,0,0,stage
2026-02-14T17:30:24.137719,3,3,0,0,0,stage
2026-02-14T17:30:27.154332,3,3,0,0,0,stage
2026-02-14T17:30:28.003910,3,3,0,0,0,stage
2026-02-14T17:30:28.092629,3,3,0,0,0,stage
2026-02-14T17:30:29.140461,3,3,0,0,0,stage
2026-02-14T17:30:32.157895,3,3,0,0,0,stage
2026-02-14T17:30:33.005772,3,3,0,0,0,stage
2026-02-14T17:30:33.094810,3,3,0,0,0,stage
2026-02-14T17:30:34.142422,3,3,0,0,0,stage
2026-02-14T17:30:37.160313,3,3,0,0,0,stage
2026-02-14T17:30:38.007577,3,3,0,0,0,stage
2026-02-14T17:30:38.097312,3,3,0,0,0,stage
2026-02-14T17:30:39.145589,3,3,0,0,0,stage
2026-02-14T17:30:42.163151,3,3,0,0,0,stage
2026-02-14T17:30:43.009932,3,3,0,0,0,stage
2026-02-14T17:30:43.098982,3,3,0,0,0,stage
2026-02-14T17:30:44.147893,3,3,0,0,0,stage
2026-02-14T17:30:47.165225,3,3,0,0,0,stage
2026-02-14T17:30:48.012311,3,3,0,0,0,stage
2026-02-14T17:30:48.102164,3,3,0,0,0,stage
2026-02-14T17:30:49.149797,3,3,0,0,0,stage
2026-02-14T17:30:52.167509,3,3,0,0,0,stage
2026-02-14T17:30:53.014271,3,3,0,0,0,stage
2026-02-14T17:30:53.105197,3,3,0,0,0,stage
2026-02-14T17:30:54.151980,3,3,0,0,0,stage
2026-02-14T17:30:57.170269,3,3,0,0,0,stage
2026-02-14T17:30:58.017189,3,3,0,0,0,stage
2026-02-14T17:30:58.107425,3,3,0,0,0,stage
2026-02-14T17:30:59.153854,3,3,0,0,0,stage
2026-02-14T17:31:02.172456,3,3,0,0,0,stage
2026-02-14T17:31:03.019224,3,3,0,0,0,stage
2026-02-14T17:31:03.109997,3,3,0,0,0,stage
2026-02-14T17:31:04.155780,3,3,0,0,0,stage
2026-02-14T17:31:07.174403,3,3,0,0,0,stage
2026-02-14T17:31:08.021193,3,3,0,0,0,stage
2026-02-14T17:31:08.111804,3,3,0,0,0,stage
2026-02-14T17:31:09.157915,3,3,0,0,0,stage
2026-02-14T17:31:12.175812,3,3,0,0,0,stage
2026-02-14T17:31:13.023684,3,3,0,0,0,stage
2026-02-14T17:31:13.114229,3,3,0,0,0,stage
2026-02-14T17:31:14.160329,3,3,0,0,0,stage
2026-02-14T17:31:17.177662,3,3,0,0,0,stage
2026-02-14T17:31:18.025228,3,3,0,0,0,stage
2026-02-14T17:31:18.115839,3,3,0,0,0,stage
2026-02-14T17:31:19.161594,3,3,0,0,0,stage
2026-02-14T17:31:22.180547,3,3,0,0,0,stage
2026-02-14T17:31:23.026904,3,3,0,0,0,stage
2026-02-14T17:31:23.117937,3,3,0,0,0,stage
2026-02-14T17:31:24.164581,3,3,0,0,0,stage
2026-02-14T17:31:27.182805,3,3,0,0,0,stage
2026-02-14T17:31:28.028641,3,3,0,0,0,stage
2026-02-14T17:31:28.119916,3,3,0,0,0,stage
2026-02-14T17:31:29.165962,3,3,0,0,0,stage
2026-02-14T17:31:32.185506,3,3,0,0,0,stage
2026-02-14T17:31:33.030690,3,3,0,0,0,stage
2026-02-14T17:31:33.121624,3,3,0,0,0,stage
2026-02-14T17:31:34.167634,3,3,0,0,0,stage
2026-02-14T17:31:37.187962,3,3,0,0,0,stage
2026-02-14T17:31:38.032225,3,3,0,0,0,stage
2026-02-14T17:31:38.123761,3,3,0,0,0,stage
2026-02-14T17:31:39.169007,3,3,0,0,0,stage
2026-02-14T17:31:42.190442,3,3,0,0,0,stage
2026-02-14T17:31:43.034460,3,3,0,0,0,stage
2026-02-14T17:31:43.125910,3,3,0,0,0,stage
2026-02-14T17:31:44.170608,3,3,0,0,0,stage
2026-02-14T17:31:47.192535,3,3,0,0,0,stage
2026-02-14T17:31:48.036796,3,3,0,0,0,stage
2026-02-14T17:31:48.127810,3,3,0,0,0,stage
2026-02-14T17:31:49.172837,3,3,0,0,0,stage
2026-02-14T17:31:52.194134,3,3,0,0,0,stage
2026-02-14T17:31:53.038674,3,3,0,0,0,stage
2026-02-14T17:31:53.131158,3,3,0,0,0,stage
2026-02-14T17:31:54.175254,3,3,0,0,0,stage
2026-02-14T17:31:57.196447,3,3,0,0,0,stage
2026-02-14T17:31:59.177709,3,3,0,0,0,stage
